study,iso3,name,year,respondents,sat_share,sat_n,lr_mean,lr_n,power_share,power_n,vote_share,vote_n
ALB_2005,ALB,"Albania",2005,1116,36.48,1091,5.71,1045,67.97,1102,75.00,1100
ALB_2017,ALB,"Albania",2017,1255,22.92,1248,3.97,1123,82.39,1249,60.36,1236
ARG_2015,ARG,"Argentina",2015,1406,,0,5.63,1241,59.29,1388,67.46,1389
AUS_1996,AUS,"Australia",1996,1798,77.97,1766,5.46,1548,67.97,1770,70.18,1774
AUS_2004,AUS,"Australia",2004,1769,81.55,1729,5.34,1454,66.61,1752,65.66,1750
AUS_2007,AUS,"Australia",2007,1873,85.57,1857,5.29,1705,68.25,1855,71.36,1854
AUS_2013,AUS,"Australia",2013,3953,71.77,3852,5.03,3451,60.30,3858,63.81,3860
AUS_2019,AUS,"Australia",2019,2000,72.30,1988,5.35,1907,71.38,1996,71.13,1996
AUT_2008,AUT,"Austria",2008,1165,74.54,1142,4.82,1016,72.41,1159,75.60,1159
AUT_2013,AUT,"Austria",2013,1000,65.53,998,4.66,881,45.32,993,48.57,997
AUT_2017,AUT,"Austria",2017,1203,75.39,1180,5.42,1203,79.90,1195,79.95,1195
BEL_2003,BEL,"Belgium",2003,2225,69.84,2133,4.98,2006,46.98,2126,46.58,2165
BELF1999,BEL,"Belgium",1999,2179,60.48,2057,5.22,1917,66.27,1889,60.06,1891
BELF2019,BEL,"Belgium",2019,1084,51.80,1071,5.56,1013,64.89,1064,46.78,1055
BELW1999,BEL,"Belgium",1999,1960,63.59,1860,4.67,1758,48.02,1927,46.48,1942
BELW2019,BEL,"Belgium",2019,730,42.27,727,4.72,679,51.42,718,40.72,719
BGR_2001,BGR,"Bulgaria",2001,1482,21.91,1322,5.76,1354,64.89,1342,60.53,1259
BGR_2014,BGR,"Bulgaria",2014,999,20.08,951,5.23,750,62.94,985,63.19,985
BLR_2001,BLR,"Belarus",2001,1000,47.22,809,5.74,412,83.85,960,58.89,934
BLR_2008,BLR,"Belarus",2008,1000,58.77,895,5.67,347,85.25,983,44.66,974
BRA_2002,BRA,"Brazil",2002,2514,32.39,2322,5.13,1892,73.31,2426,78.61,2457
BRA_2006,BRA,"Brazil",2006,1000,44.72,950,6.04,581,78.93,985,77.62,980
BRA_2010,BRA,"Brazil",2010,2000,50.24,1909,6.35,1104,82.11,1973,83.62,1984
BRA_2014,BRA,"Brazil",2014,3136,40.20,2973,6.34,1765,79.92,3082,78.59,3087
BRA_2018,BRA,"Brazil",2018,2506,12.62,2440,6.57,1973,77.53,2448,79.90,2468
CAN_1997,CAN,"Canada",1997,1851,72.94,1770,5.33,1260,55.76,1833,61.38,1836
CAN_2004,CAN,"Canada",2004,1674,70.84,1663,5.13,1493,48.34,1657,60.31,1658
CAN_2008,CAN,"Canada",2008,4495,74.03,4367,5.18,1760,55.85,1898,65.84,1903
CAN_2011,CAN,"Canada",2011,3458,64.76,3363,5.02,1069,61.50,1117,70.93,1118
CAN_2015,CAN,"Canada",2015,4202,69.63,4076,4.91,1243,69.44,1263,75.68,1279
CAN_2019,CAN,"Canada",2019,2889,67.08,2853,5.08,2425,73.26,2858,76.80,2869
CHE_1999,CHE,"Switzerland",1999,2048,74.73,2022,5.19,1881,71.65,2000,68.04,2015
CHE_2003,CHE,"Switzerland",2003,1418,76.92,1395,5.05,1352,64.71,1397,70.23,1404
CHE_2007,CHE,"Switzerland",2007,3164,81.45,3127,5.30,2973,,0,75.37,2253
CHE_2011,CHE,"Switzerland",2011,4391,84.16,4362,5.11,4278,71.59,1714,73.09,1728
CHE_2019,CHE,"Switzerland",2019,4645,86.92,4619,5.25,4289,69.84,4619,69.77,4565
CHL_1999,CHL,"Chile",1999,1173,,0,5.51,1065,51.09,1147,49.17,1151
CHL_2005,CHL,"Chile",2005,1200,61.44,1176,4.72,1010,62.83,1160,67.97,1169
CHL_2009,CHL,"Chile",2009,1200,,0,5.44,918,62.72,1159,68.17,1157
CHL_2017,CHL,"Chile",2017,2000,26.38,1914,5.07,1503,56.26,1912,69.08,1942
CRI_2018,CRI,"Costa Rica",2018,1456,41.63,1435,6.85,814,67.77,1393,79.88,1409
CZE_1996,CZE,"Czech Republic/Czechia",1996,1229,61.05,1176,5.78,1191,86.72,1220,73.19,1216
CZE_2002,CZE,"Czech Republic/Czechia",2002,948,45.93,860,4.68,869,56.72,945,47.51,945
CZE_2006,CZE,"Czech Republic/Czechia",2006,2002,49.17,1869,5.44,1733,68.97,1885,65.01,1892
CZE_2010,CZE,"Czech Republic/Czechia",2010,1857,43.81,1744,5.41,1601,64.68,1798,59.28,1810
CZE_2013,CZE,"Czech Republic/Czechia",2013,1653,34.67,1575,4.97,1426,61.24,1602,54.01,1607
CZE_2017,CZE,"Czech Republic/Czechia",2017,1559,52.13,1477,5.56,1275,67.99,1515,61.92,1510
CZE_2021,CZE,"Czech Republic/Czechia",2021,1490,46.63,1429,5.71,1199,72.55,1431,69.63,1428
DEU_1998,DEU,"Germany",1998,2019,68.17,1992,4.43,1857,65.19,1961,72.07,1977
DEU_2005,DEU,"Germany",2005,2018,59.45,2014,4.74,1940,44.74,1999,,0
DEU_2009,DEU,"Germany",2009,2095,54.30,2030,4.45,1831,57.35,2074,59.76,2069
DEU_2013,DEU,"Germany",2013,1889,66.48,1838,4.46,1697,55.81,1875,59.02,1866
DEU_2017,DEU,"Germany",2017,2032,73.15,2017,4.26,1898,59.83,2017,70.35,2021
DEU_2021,DEU,"Germany",2021,3152,66.41,3140,4.40,2927,67.96,3145,70.81,3110
DEU12002,DEU,"Germany",2002,2000,54.71,1992,4.52,1888,36.61,1982,51.06,1992
DEU22002,DEU,"Germany",2002,1023,36.52,1023,4.38,943,59.49,1002,66.30,1008
DNK_1998,DNK,"Denmark",1998,2001,89.15,1979,5.55,1932,69.79,1984,75.04,1970
DNK_2001,DNK,"Denmark",2001,2026,93.42,2006,5.54,1951,59.74,2007,74.20,2000
DNK_2007,DNK,"Denmark",2007,1442,92.14,1399,5.33,1289,69.86,1407,80.91,1404
DNK_2019,DNK,"Denmark",2019,1418,87.31,1358,5.06,1232,72.51,1363,72.21,1368
ESP_1996,ESP,"Spain",1996,1212,62.81,1185,4.40,1037,76.40,1191,73.49,1180
ESP_2000,ESP,"Spain",2000,1208,86.01,1189,4.71,1030,73.55,1177,71.26,1169
ESP_2004,ESP,"Spain",2004,1212,77.64,1054,4.14,1065,75.21,1182,73.78,1176
ESP_2008,ESP,"Spain",2008,1204,81.45,1030,4.38,1069,72.18,1163,68.16,1157
EST_2011,EST,"Estonia",2011,1000,51.12,953,5.68,788,70.79,987,61.73,981
FIN_2003,FIN,"Finland",2003,1196,69.51,1174,5.57,1081,59.46,1184,59.53,1186
FIN_2007,FIN,"Finland",2007,1283,77.37,1264,5.67,1192,72.63,1275,69.61,1280
FIN_2011,FIN,"Finland",2011,1298,76.13,1278,5.33,1205,75.35,1290,72.40,1286
FIN_2015,FIN,"Finland",2015,1587,75.87,1568,5.65,1388,76.25,1566,66.91,1565
FIN_2019,FIN,"Finland",2019,1598,76.65,1538,5.33,1354,81.06,1520,73.08,1546
FRA_2002,FRA,"France",2002,1000,56.32,988,5.18,965,42.26,984,61.94,995
FRA_2007,FRA,"France",2007,2000,64.72,1991,5.61,1959,47.73,1988,67.90,1995
FRA_2012,FRA,"France",2012,2014,65.53,1966,4.62,1916,43.59,1986,61.93,1988
FRA_2017,FRA,"France",2017,1830,52.04,1781,4.87,1672,46.28,1808,58.29,1810
GBR_1997,GBR,"Great Britain",1997,2897,74.86,2848,5.03,2391,66.40,2863,65.61,2867
GBR_2005,GBR,"Great Britain",2005,860,72.58,844,5.20,626,37.29,854,50.28,853
GBR_2015,GBR,"Great Britain",2015,1567,62.83,1487,4.92,1386,60.57,1525,63.14,1528
GBR_2017,GBR,"Great Britain",2017,984,52.33,945,4.84,891,72.13,950,74.32,948
GBR_2019,GBR,"Great Britain",2019,2537,47.69,2395,5.10,2066,68.56,2375,68.44,2386
GRC_2009,GRC,"Greece",2009,1022,25.57,1017,5.33,930,38.33,1015,51.13,1015
GRC_2012,GRC,"Greece",2012,1029,7.12,1021,4.95,947,45.93,1015,56.57,1016
GRC_2019,GRC,"Greece",2019,1324,23.85,1286,5.03,1137,57.71,1297,63.69,1266
GRC12015,GRC,"Greece",2015,1008,19.64,975,4.61,964,64.38,996,75.04,981
GRC22015,GRC,"Greece",2015,1078,8.76,1070,4.80,983,,0,50.65,1059
HKG_1998,HKG,"Hong Kong",1998,1000,70.57,812,5.28,786,72.19,899,55.93,894
HKG_2000,HKG,"Hong Kong",2000,674,50.70,568,5.50,444,53.73,577,36.16,578
HKG_2004,HKG,"Hong Kong",2004,582,46.10,538,5.68,442,56.21,523,56.52,529
HKG_2008,HKG,"Hong Kong",2008,815,54.98,767,5.50,608,49.21,747,31.14,738
HKG_2012,HKG,"Hong Kong",2012,1044,41.08,988,5.87,689,56.09,950,31.45,960
HKG_2016,HKG,"Hong Kong",2016,1020,35.51,973,5.88,625,,0,48.37,885
HRV_2007,HRV,"Croatia",2007,1004,26.45,976,5.21,587,61.30,978,53.53,967
HUN_1998,HUN,"Hungary",1998,1525,42.12,1472,4.90,1185,69.23,1494,73.97,1494
HUN_2002,HUN,"Hungary",2002,1200,48.89,1177,4.94,1090,76.33,1176,79.76,1174
HUN_2018,HUN,"Hungary",2018,1208,41.98,1127,5.95,1041,69.35,1180,65.24,1183
IND_2019,IND,"India",2019,13963,68.48,12473,3.91,8735,47.15,9109,50.68,8921
IRL_2002,IRL,"Ireland",2002,2367,80.09,2347,5.71,1845,55.55,2268,67.34,2291
IRL_2007,IRL,"Ireland",2007,1435,78.51,1162,5.75,910,,0,68.69,1137
IRL_2011,IRL,"Ireland",2011,1853,53.67,1526,5.99,1594,,0,70.13,1828
IRL_2016,IRL,"Ireland",2016,1000,64.87,999,5.48,914,,0,77.99,1000
ISL_1999,ISL,"Iceland",1999,1631,79.40,1573,5.56,1485,83.79,1604,76.43,1604
ISL_2003,ISL,"Iceland",2003,1446,69.36,1400,5.41,1297,77.99,1422,78.43,1423
ISL_2007,ISL,"Iceland",2007,1595,71.02,1549,5.51,1393,77.46,1574,73.22,1567
ISL_2009,ISL,"Iceland",2009,1385,42.59,1308,5.15,1175,74.36,1356,65.13,1344
ISL_2013,ISL,"Iceland",2013,1479,66.86,1388,5.48,1266,76.36,1455,72.25,1452
ISL_2016,ISL,"Iceland",2016,1295,68.68,1210,5.18,1120,78.75,1280,71.48,1280
ISL_2017,ISL,"Iceland",2017,2073,65.27,1964,5.28,1841,80.83,2045,70.35,2034
ISR_1996,ISR,"Israel",1996,1091,53.45,1059,5.16,944,83.02,1066,88.65,1075
ISR_2003,ISR,"Israel",2003,1212,35.64,1184,5.77,1147,76.13,1190,79.93,1201
ISR_2006,ISR,"Israel",2006,1200,34.96,1190,5.70,1099,65.91,1182,71.33,1186
ISR_2013,ISR,"Israel",2013,1017,53.88,993,5.99,924,72.87,1010,73.24,1009
ISR_2020,ISR,"Israel",2020,1209,32.85,1183,5.82,1074,81.95,1201,74.47,1193
ITA_2006,ITA,"Italy",2006,1439,38.25,1242,5.07,912,58.66,1259,61.11,1280
ITA_2018,ITA,"Italy",2018,2001,25.37,1976,5.29,1707,71.87,1950,76.13,1955
JPN_1996,JPN,"Japan",1996,1327,63.49,1156,,0,43.47,1249,42.60,1256
JPN_2004,JPN,"Japan",2004,1977,71.13,1434,,0,54.84,1920,50.87,1907
JPN_2007,JPN,"Japan",2007,1373,50.08,1328,5.51,1117,48.15,1354,62.09,1356
JPN_2013,JPN,"Japan",2013,1937,73.39,1910,5.54,1563,56.35,1926,56.26,1923
JPN_2017,JPN,"Japan",2017,1688,69.73,1663,5.32,1388,52.34,1675,48.36,1677
KEN_2013,KEN,"Kenya",2013,1200,53.99,1028,6.42,506,68.62,1163,70.08,1163
KGZ_2005,KGZ,"Kyrgyzstan",2005,2000,39.37,1834,6.98,975,74.54,1850,58.94,1829
KOR_2000,KOR,"Republic of Korea",2000,1100,41.20,1000,4.89,899,58.54,1066,61.46,1069
KOR_2004,KOR,"Republic of Korea",2004,1500,23.00,1435,4.59,1241,57.76,1444,61.92,1447
KOR_2008,KOR,"Republic of Korea",2008,1000,42.69,951,5.54,786,63.73,954,66.60,958
KOR_2012,KOR,"Republic of Korea",2012,1000,44.97,965,5.40,717,66.21,950,72.99,959
KOR_2016,KOR,"Republic of Korea",2016,1199,43.70,1199,5.16,1178,64.73,1188,67.54,1186
LTU_1997,LTU,"Lithuania",1997,1009,37.75,926,5.67,673,76.33,988,64.72,986
LTU_2016,LTU,"Lithuania",2016,1500,37.75,1379,5.20,943,53.59,1432,48.76,1438
LTU_2020,LTU,"Lithuania",2020,1781,53.88,1665,5.66,1217,65.65,1727,64.39,1743
LVA_2010,LVA,"Latvia",2010,1005,18.93,968,6.13,795,60.84,1003,65.24,1004
LVA_2011,LVA,"Latvia",2011,1004,22.29,983,6.12,787,62.58,975,64.13,978
LVA_2014,LVA,"Latvia",2014,1036,35.72,1006,6.28,815,57.34,1022,56.40,1022
LVA_2018,LVA,"Latvia",2018,1011,51.83,925,5.90,757,61.64,985,61.86,984
MEX_1997,MEX,"Mexico",1997,2033,43.36,1900,6.39,1526,70.36,1954,75.30,1967
MEX_2000,MEX,"Mexico",2000,1766,61.22,1689,6.36,1264,70.30,1695,78.93,1704
MEX_2003,MEX,"Mexico",2003,1991,33.69,1904,6.43,1428,53.54,1912,60.36,1905
MEX_2006,MEX,"Mexico",2006,1591,46.58,1545,6.96,1246,68.67,1549,74.83,1544
MEX_2009,MEX,"Mexico",2009,2400,43.81,2305,7.09,2056,74.14,2357,74.48,2348
MEX_2012,MEX,"Mexico",2012,2400,27.81,2333,6.60,1812,71.43,2343,77.38,2348
MEX_2015,MEX,"Mexico",2015,1197,32.01,1153,6.28,910,65.47,1158,63.29,1149
MEX_2018,MEX,"Mexico",2018,1239,20.39,1173,5.40,1133,63.98,1187,62.04,1187
MNE_2012,MNE,"Montenegro",2012,967,46.91,897,5.90,457,70.73,870,66.72,866
MNE_2016,MNE,"Montenegro",2016,1213,39.43,1189,5.28,581,70.55,1162,65.85,1162
NLD_1998,NLD,"Netherlands",1998,2101,85.72,1796,5.48,1690,79.39,1804,64.08,1807
NLD_2002,NLD,"Netherlands",2002,1574,50.86,1560,5.21,1546,73.65,1564,,0
NLD_2006,NLD,"Netherlands",2006,2359,77.52,2325,5.27,2203,63.09,2338,69.25,2345
NLD_2010,NLD,"Netherlands",2010,2153,76.55,2132,5.09,2035,68.79,2142,67.85,2146
NLD_2017,NLD,"Netherlands",2017,1903,85.68,1872,5.13,1825,73.87,1804,71.56,1817
NLD_2021,NLD,"Netherlands",2021,3485,75.62,3284,5.07,3135,73.15,3315,70.30,3307
NOR_1997,NOR,"Norway",1997,2055,90.25,2042,5.18,2010,77.63,2052,76.63,2050
NOR_2001,NOR,"Norway",2001,2052,78.24,2017,5.51,1949,51.73,2028,65.94,2026
NOR_2005,NOR,"Norway",2005,2012,88.42,1995,5.21,1929,62.69,2005,75.65,2004
NOR_2009,NOR,"Norway",2009,1782,88.35,1759,5.49,1722,65.61,1768,75.33,1767
NOR_2013,NOR,"Norway",2013,1727,91.93,1701,5.65,1663,59.74,1708,71.65,1707
NOR_2017,NOR,"Norway",2017,1792,86.55,1790,5.52,1785,71.00,1789,67.24,1789
NZL_1996,NZL,"New Zealand",1996,4080,68.52,4002,5.57,3267,74.94,4055,74.43,4051
NZL_2002,NZL,"New Zealand",2002,1741,69.00,1572,5.27,1326,57.77,1652,66.60,1678
NZL_2008,NZL,"New Zealand",2008,1149,70.06,1087,5.64,872,71.34,1094,77.61,1092
NZL_2011,NZL,"New Zealand",2011,1374,72.94,1290,5.55,1063,75.01,1329,79.65,1336
NZL_2014,NZL,"New Zealand",2014,1224,71.10,1139,5.78,974,75.93,1178,80.44,1194
NZL_2017,NZL,"New Zealand",2017,1808,70.66,1665,5.23,1454,74.57,1742,82.76,1762
NZL_2020,NZL,"New Zealand",2020,1725,84.10,1627,5.19,1333,72.78,1662,82.76,1683
PER_2000,PER,"Peru",2000,1102,,0,6.03,886,76.34,1082,81.75,1074
PER_2001,PER,"Peru",2001,1118,35.27,1103,5.52,1018,67.95,1095,79.67,1102
PER_2006,PER,"Peru",2006,2032,33.67,1926,5.12,1679,51.17,1936,63.93,1924
PER_2011,PER,"Peru",2011,1570,38.79,1508,5.83,1143,45.36,1478,77.79,1468
PER_2016,PER,"Peru",2016,1572,14.90,1557,6.54,1438,44.83,1559,70.89,1548
PER_2021,PER,"Peru",2021,1199,17.72,1190,6.21,1112,47.36,1162,58.40,1172
PHL_2004,PHL,"Philippines",2004,1200,53.24,1175,5.99,1130,39.97,1175,50.51,1177
PHL_2010,PHL,"Philippines",2010,1200,68.86,1185,7.19,848,50.39,1151,58.82,1156
PHL_2016,PHL,"Philippines",2016,1200,79.00,1195,7.21,1179,53.57,1189,64.42,1189
POL_1997,POL,"Poland",1997,2003,63.11,1720,5.60,1792,77.48,1879,62.64,1850
POL_2001,POL,"Poland",2001,1794,38.98,1593,4.66,1384,61.33,1689,48.53,1687
POL_2005,POL,"Poland",2005,2402,35.79,2173,6.07,1888,66.97,2303,,0
POL_2007,POL,"Poland",2007,1817,59.41,1657,6.20,1603,65.22,1781,59.13,1768
POL_2011,POL,"Poland",2011,1919,55.22,1810,6.00,1634,69.48,1865,56.79,1847
POL_2019,POL,"Poland",2019,2003,66.08,1912,5.78,1777,74.35,1978,62.26,1986
PRT_2002,PRT,"Portugal",2002,1303,52.97,1229,5.34,1112,59.22,1226,58.73,1226
PRT_2005,PRT,"Portugal",2005,2801,44.62,2700,5.15,2350,58.53,2664,72.43,2647
PRT_2009,PRT,"Portugal",2009,1316,41.93,1289,5.12,1042,56.92,1273,73.57,1269
PRT_2015,PRT,"Portugal",2015,1499,39.69,1468,5.09,1224,64.98,1446,68.77,1437
PRT_2019,PRT,"Portugal",2019,1500,49.69,1476,4.68,1136,60.79,1448,63.72,1454
ROU_1996,ROU,"Romania",1996,1175,43.89,1146,6.10,744,80.87,1155,79.40,1160
ROU_2004,ROU,"Romania",2004,1913,44.39,1748,5.78,1268,76.41,1861,74.51,1871
ROU_2009,ROU,"Romania",2009,1403,20.37,1340,6.10,863,84.03,1354,83.03,1354
ROU_2012,ROU,"Romania",2012,2283,21.66,2192,5.06,1193,73.66,2188,69.88,2179
ROU_2014,ROU,"Romania",2014,1112,25.15,1093,6.49,714,80.79,1094,83.03,1101
ROU_2016,ROU,"Romania",2016,1105,20.78,1078,5.77,741,77.55,1077,76.42,1094
RUS_1999,RUS,"Russian Federation",1999,1842,20.08,1648,5.15,1220,84.55,1786,60.88,1733
RUS_2000,RUS,"Russian Federation",2000,1748,16.07,1506,5.14,1139,,0,,0
RUS_2004,RUS,"Russian Federation",2004,1496,32.82,1298,5.90,988,81.08,1464,48.89,1438
SLV_2019,SLV,"El Salvador",2019,1488,42.17,1469,6.74,1435,,0,82.21,1478
SRB_2012,SRB,"Serbia",2012,1568,42.46,1500,5.55,1094,73.78,1554,70.83,1543
SVK_2010,SVK,"Slovakia",2010,1203,39.26,1170,5.06,1000,69.13,1189,65.31,1189
SVK_2016,SVK,"Slovakia",2016,1150,29.99,1110,5.27,879,57.10,1124,51.38,1127
SVK_2020,SVK,"Slovakia",2020,1003,37.10,984,5.28,834,67.12,993,62.01,993
SVN_1996,SVN,"Slovenia",1996,2031,32.22,1856,4.94,1352,84.86,1988,70.55,1956
SVN_2004,SVN,"Slovenia",2004,1002,38.13,910,5.01,603,74.72,977,75.51,976
SVN_2008,SVN,"Slovenia",2008,1055,26.87,964,4.73,720,75.12,1029,71.22,1018
SVN_2011,SVN,"Slovenia",2011,1031,16.21,975,4.72,667,73.40,1000,66.20,997
SWE_1998,SWE,"Sweden",1998,1157,70.96,1009,4.96,976,76.23,1014,75.22,1013
SWE_2002,SWE,"Sweden",2002,1060,76.68,1042,4.79,1018,75.50,1045,80.94,1044
SWE_2006,SWE,"Sweden",2006,1547,81.74,1117,5.23,1039,67.32,1114,76.60,1124
SWE_2014,SWE,"Sweden",2014,832,80.27,821,5.15,792,67.59,830,79.73,829
SWE_2018,SWE,"Sweden",2018,3784,75.20,3724,5.28,3582,,0,73.39,3733
THA_2001,THA,"Thailand",2001,1081,76.94,1032,,0,61.95,891,69.33,975
THA_2007,THA,"Thailand",2007,1990,81.99,1910,5.79,1204,47.79,1720,39.13,1743
THA_2011,THA,"Thailand",2011,1500,89.57,1342,,0,59.57,987,54.39,991
THA_2019,THA,"Thailand",2019,1536,51.57,1239,5.49,383,53.75,1040,44.92,1073
TUN_2019,TUN,"Tunisia",2019,1477,26.55,1435,6.43,1178,61.59,1393,55.75,1408
TUR_2011,TUR,"Turkey",2011,1109,55.07,1032,5.89,900,83.30,1067,82.79,1068
TUR_2015,TUR,"Turkey",2015,1086,33.25,1054,5.95,965,84.58,1069,86.05,1072
TUR_2018,TUR,"Turkey",2018,1069,46.61,1023,6.10,909,80.66,1050,85.29,1049
TWN_1996,TWN,"Taiwan",1996,1200,46.96,1054,5.38,574,57.38,1030,68.22,1073
TWN_2001,TWN,"Taiwan",2001,2022,67.64,1743,5.80,978,57.21,1832,61.93,1844
TWN_2004,TWN,"Taiwan",2004,1823,54.82,1610,5.62,807,50.08,1712,54.35,1701
TWN_2008,TWN,"Taiwan",2008,1905,54.06,1721,5.56,1047,55.47,1779,61.88,1788
TWN_2012,TWN,"Taiwan",2012,1826,71.24,1734,,0,58.95,1755,63.21,1755
TWN_2016,TWN,"Taiwan",2016,1690,62.50,1608,,0,,0,59.96,1604
TWN_2020,TWN,"Taiwan",2020,1680,74.35,1647,,0,,0,64.45,1638
UKR_1998,UKR,"Ukraine",1998,1148,9.22,1009,4.63,705,86.21,1102,58.22,1046
URY_2009,URY,"Uruguay",2009,968,71.90,936,4.74,832,71.32,903,71.29,902
URY_2019,URY,"Uruguay",2019,1200,70.48,1187,5.35,1158,70.52,1156,82.70,1193
USA_1996,USA,"United States of America",1996,1534,79.90,1511,5.64,1408,64.54,1522,76.09,1524
USA_2004,USA,"United States of America",2004,1066,78.37,1054,5.87,917,72.98,1060,74.03,1064
USA_2008,USA,"United States of America",2008,2102,82.28,2060,6.25,1889,67.72,2097,80.11,2097
USA_2012,USA,"United States of America",2012,1929,76.26,1880,6.04,1684,68.34,1904,76.07,1915
USA_2016,USA,"United States of America",2016,3648,66.14,3606,5.80,3502,69.83,3621,70.45,3624
USA_2020,USA,"United States of America",2020,7449,60.34,7335,5.72,7250,73.28,7320,72.38,7353
ZAF_2009,ZAF,"South Africa",2009,1200,59.88,1164,6.58,1048,74.39,1179,78.89,1175
ZAF_2014,ZAF,"South Africa",2014,1300,53.57,1231,6.46,967,82.67,1256,79.20,1261
