country,respondents,dem_pref,trust_pres,is_democracy,right_direction,economy_good,without_food,without_medical,without_cash,felt_unsafe,free_speech,dem_satisfied,trust_police,trust_courts,corruption_up,trust_citizens,china_positive,us_positive,internet_news
"Angola",1200,52.523126,30.121726,42.856662,32.474586,25.775660,81.441524,83.780910,81.272268,62.434465,55.550185,25.985754,32.936773,39.314437,40.410937,36.289087,62.908371,69.293409,38.190741
"Benin",1200,79.527378,57.612234,60.838960,58.727364,37.285724,66.017182,78.780819,93.916669,59.355614,62.316876,43.122836,69.681789,53.624437,13.055884,63.899668,79.630316,72.878631,25.811810
"Botswana",1200,77.361884,26.549498,53.442625,24.124070,12.920964,59.755941,64.607291,68.995890,50.991302,68.498919,30.789966,47.706156,56.552816,76.574009,36.611919,59.294526,61.852277,37.559489
"Burkina Faso",1200,54.666247,52.991854,39.023149,19.304692,20.370347,60.988610,65.800235,92.154534,76.275884,61.583514,33.833091,73.635755,51.827729,57.130590,73.771204,78.392300,70.107434,23.149456
"Cabo Verde",1199,85.068169,66.506970,53.132857,35.343769,8.359712,29.726630,33.902915,62.881530,41.449203,86.162253,26.385462,59.641382,60.023929,53.266603,66.818726,84.863612,87.321784,68.517231
"Cameroon",1200,56.972223,54.177153,38.938338,29.406779,25.952876,74.969632,74.230628,93.233610,62.339109,59.854080,28.265630,45.159369,36.446277,66.496425,52.855779,74.672941,55.364499,63.094070
"Congo-Brazzaville",1200,69.221529,45.312706,25.948510,19.473947,16.088781,86.807682,86.377783,94.569734,62.376337,39.013064,15.667157,42.760620,33.032967,65.778868,72.356083,69.299599,51.790185,39.210477
"Côte d'Ivoire",1200,69.906562,49.612111,40.859374,56.530875,48.056216,48.982371,65.587952,82.208014,51.727212,51.497697,34.163687,44.891104,41.652561,53.437480,66.947192,73.594306,63.067311,54.792009
"Eswatini",1200,59.008066,24.466641,18.544872,14.259774,6.099373,64.460009,77.669259,77.758187,65.750285,25.259825,11.401852,23.397169,28.930278,88.998040,39.053405,86.112912,75.977434,60.672312
"Ethiopia",2400,85.365113,49.948783,43.840916,43.024633,26.873617,60.273753,67.781866,87.201532,45.540034,66.761603,42.239249,57.655778,60.830134,64.766201,63.638647,58.456913,42.536845,18.659202
"Gabon",1200,73.375970,25.699531,14.619615,8.494063,9.871326,73.401678,77.455442,90.175983,65.303808,31.050373,7.406073,25.373454,30.955569,76.201959,63.902823,53.868523,50.224199,76.127671
"Gambia",1200,65.063416,39.921092,50.568969,21.720620,17.600255,50.543726,75.960946,78.983864,53.544237,89.391273,39.520590,52.577594,46.873120,78.261904,66.854797,35.594630,54.486750,45.822488
"Ghana",2369,76.065771,32.647282,62.198603,11.634682,11.255303,36.361813,42.580119,78.623113,41.715877,84.061846,51.102314,27.797122,35.854384,77.216073,45.188696,30.938828,50.387659,40.789651
"Guinea",1200,67.481791,48.611944,27.654554,31.756824,22.662114,61.030227,72.869913,92.164108,45.469121,70.554472,21.136601,38.334993,35.184039,35.247868,80.228075,63.109662,69.267504,29.001800
"Kenya",2400,79.762894,52.331198,60.110547,24.788384,9.354414,61.095864,62.305866,90.922554,44.470640,77.375171,46.901119,34.669917,57.390659,76.810049,62.601016,63.606877,73.927140,46.147339
"Lesotho",1200,52.268480,20.243576,29.582002,12.214072,19.271699,66.482981,48.975092,85.723432,49.536648,68.621008,27.189016,33.679404,45.606606,81.643889,42.828613,62.389601,76.807704,29.460308
"Liberia",1200,73.038680,38.208964,63.852204,25.845483,30.877878,75.826468,82.083162,79.432061,60.424498,73.297552,45.797208,26.543107,30.708395,75.333291,48.915614,83.464958,85.583568,33.679714
"Madagascar",1200,55.140667,51.778844,51.459135,30.015868,17.718549,73.875146,68.867574,98.048297,72.174331,78.999118,26.494261,50.967289,27.710821,63.385481,57.336149,43.115034,60.615730,7.277517
"Malawi",1200,58.710496,26.398820,43.575577,10.598563,9.225945,73.505354,70.513888,93.059655,45.565016,59.613153,39.998761,46.789688,63.629537,68.588098,65.082907,63.912852,69.133567,11.145326
"Mali",1200,39.869055,86.319806,26.171611,67.633806,26.062001,47.057275,49.173581,84.545726,49.073368,70.367850,26.203226,59.923029,41.761109,20.820580,86.360575,80.096904,53.981235,29.388423
"Mauritania",1200,78.099887,56.031790,63.191874,56.507699,62.241521,82.001549,88.979888,90.789203,60.425010,78.639400,57.723897,58.510140,53.213434,37.439484,57.094599,35.109126,31.664423,39.604242
"Mauritius",1200,75.264116,42.935971,47.080955,30.296353,21.279973,16.681326,30.329858,45.948586,25.684616,72.653725,34.401688,45.160318,49.053255,74.937120,64.639216,89.535620,77.120231,80.077098
"Morocco",1200,68.620365,17.845103,48.016472,58.361266,39.077174,16.986102,44.696081,38.877568,31.211329,70.435212,55.112048,66.435169,60.569507,43.311034,48.054934,56.132475,64.172942,68.295491
"Mozambique",1120,51.299144,52.955316,54.469716,55.315552,45.853067,66.739790,74.258493,82.691606,57.991081,55.404122,45.017158,53.239720,57.997615,55.303399,49.256007,65.062648,58.609094,25.554338
"Namibia",1200,56.504824,54.196781,64.673914,23.920449,24.402378,63.081198,56.163709,77.256492,57.419106,83.129289,49.901610,62.840983,60.661235,76.969749,57.107781,56.854871,64.039257,47.478447
"Niger",1200,61.347590,66.625912,53.995106,44.391339,38.356604,85.312997,75.247438,93.315824,40.776097,77.872616,55.489924,77.901872,68.493279,49.224952,82.071703,68.612747,64.385935,16.705893
"Nigeria",1600,69.434348,26.507999,34.481434,9.610407,11.701246,83.390651,80.608170,95.743670,60.342702,57.454516,21.233865,13.894739,26.962436,76.233073,46.073159,68.435437,63.765213,33.264180
"Senegal",1200,85.447769,43.760412,46.368327,28.562015,26.684137,49.511432,73.087149,90.007677,66.597570,80.715978,49.228093,78.309885,48.673207,73.643262,69.152959,58.520080,55.803770,46.122307
"Seychelles",1176,72.390798,45.194150,61.420051,54.793157,44.170970,12.428455,19.710526,20.015635,19.748559,79.505860,47.126872,41.521667,51.502892,31.826025,51.936742,62.296568,62.643732,68.499041
"Sierra Leone",1200,83.864639,52.885321,71.088792,32.090188,24.249127,66.961947,77.125196,87.785567,38.927705,69.399809,58.038272,19.856672,35.982679,50.188738,54.584380,64.864163,76.375771,26.199184
"South Africa",1580,44.949354,27.630181,36.255625,15.373824,17.083119,51.684227,49.593514,65.370170,72.953963,75.332932,27.213148,32.711656,50.784760,82.014067,38.169804,55.244493,55.260647,64.039252
"Sudan",1200,54.762962,25.022036,23.083009,7.576818,10.536220,48.864926,68.275554,69.552093,50.819971,69.936975,29.840969,40.446990,47.031213,83.080190,30.428969,63.116662,46.660827,45.555320
"São Tomé and Príncipe",1200,56.820130,35.042334,42.080404,35.539061,29.168045,62.237594,68.311429,72.169440,27.213063,86.888748,28.146754,23.696240,27.728569,67.174437,26.175765,85.289554,75.118338,56.341917
"Tanzania",2400,80.131012,84.580507,85.704381,60.749092,30.279552,42.437586,50.218533,85.383351,23.712062,87.594368,81.031472,80.147149,90.780480,40.997751,86.896904,79.787738,71.157385,18.689725
"Togo",1200,67.451271,56.608358,46.147423,43.332656,29.058030,67.517964,77.405508,95.367275,50.143822,50.112555,31.162506,60.518773,46.318857,50.804571,67.514237,76.827991,74.107815,39.846672
"Tunisia",1200,53.724419,74.929942,28.320267,26.094611,4.173352,28.896640,49.979831,57.314534,46.498098,83.939959,38.310535,48.355024,44.603900,68.507343,38.727566,20.934098,17.150193,50.400401
"Uganda",2400,82.906784,62.930568,50.606548,49.220617,26.197823,62.278357,77.083771,93.189644,54.365143,78.479067,45.782702,41.470613,51.250943,70.082108,60.674296,61.985290,67.710255,16.238261
"Zambia",1200,86.898616,71.656964,81.479400,52.350782,37.531920,59.321221,84.279893,90.217549,47.412707,83.817433,73.646837,46.582091,66.366534,19.778406,52.865134,67.276729,77.842481,31.875192
"Zimbabwe",1200,76.726130,51.277316,39.272155,28.184673,13.836674,64.968999,67.541472,92.770771,57.715169,64.599026,45.704733,39.921862,54.632329,64.958488,60.146747,36.776090,65.651354,26.243838
