iso3,name,wave,year,respondents,support_democracy,support_democracy_n,satisfied_democracy,satisfied_democracy_n,trust_elections,trust_elections_n,trust_police,trust_police_n,trust_congress,trust_congress_n,trust_people,trust_people_n,feel_unsafe,feel_unsafe_n,police_bribe,police_bribe_n,politicians_corrupt,politicians_corrupt_n,remittances,remittances_n,home_broadband,home_broadband_n
MEX,"México",2004,2004,1556,70.227429,1451,54.138852,1498,,0,34.640523,1530,45.085911,1455,63.470320,1533,35.469256,1545,17.993528,1545,,0,10.516129,1550,,0
MEX,"México",2006,2006,1560,69.099591,1466,52.129817,1479,,0,27.183191,1523,56.578947,1444,65.863192,1535,40.234375,1536,22.858983,1553,,0,4.554327,1537,,0
MEX,"México",2008,2008,1560,68.145161,1488,55.444222,1497,,0,34.298584,1554,51.407001,1457,62.831286,1547,34.810533,1557,18.473380,1559,,0,8.827320,1552,,0
MEX,"México",2010,2010,1562,63.845633,1477,44.311377,1503,,0,25.773196,1552,48.870637,1461,60.548661,1531,40.952994,1553,24.790728,1553,,0,6.354300,1558,,0
MEX,"México",2012,2012,1560,64.741437,1489,46.428571,728,44.386762,1541,30.219072,1552,46.237288,1475,62.822165,1552,36.818473,1559,20.523416,1452,,0,5.032258,1550,,0
MEX,"México",2014,2014,1535,62.283737,1445,35.879945,1466,28.391794,1511,28.159790,1527,34.607366,1439,68.452381,1512,50.097975,1531,18.803419,1521,,0,5.449770,1523,,0
MEX,"México",2016,2016,1563,49.324324,1480,26.498003,1502,25.065445,1528,19.961115,1543,34.438430,1478,57.226946,1529,43.612903,1550,23.815621,1562,77.918612,1499,7.652733,1555,,0
MEX,"México",2018,2019,1580,62.723067,1513,46.359385,1497,42.302717,1546,22.272144,1558,44.444444,1467,54.032787,1525,55.634256,1553,24.714829,1578,65.449804,767,5.206349,1575,,0
MEX,"México",2021,2021,2998,63.190343,2929,49.545600,1466,41.750832,1479,28.191599,719,33.897693,713,53.593580,2932,51.618965,1453,25.216524,1469,61.862769,1420,,0,44.945253,2975
MEX,"México",2023,2023,1622,61.759201,1603,59.887006,1593,45.623836,1611,31.025958,1618,49.204328,1571,55.438160,1609,42.697328,1609,21.075402,1618,61.904762,1575,6.604938,1620,59.380805,1615
GTM,"Guatemala",2004,2004,1708,52.672293,1422,58.479139,1486,,0,30.506329,1580,27.840532,1505,55.815385,1625,42.219542,1658,6.935388,1687,,0,13.110846,1678,,0
GTM,"Guatemala",2006,2006,1498,70.905011,1337,40.605590,1288,,0,30.715775,1439,29.487179,1404,63.340122,1473,38.604972,1448,11.021505,1488,,0,9.280430,1487,,0
GTM,"Guatemala",2008,2008,1538,54.934966,1307,56.307912,1403,,0,30.315501,1458,29.913917,1394,62.334218,1508,36.820652,1472,11.510791,1529,,0,10.953347,1479,,0
GTM,"Guatemala",2010,2010,1494,59.063444,1324,46.244477,1358,,0,21.375085,1469,25.641026,1404,58.316361,1473,37.863421,1479,14.121622,1480,,0,13.220339,1475,,0
GTM,"Guatemala",2012,2012,1509,54.748201,1390,46.666667,690,37.585734,1458,23.205902,1491,28.551435,1429,67.314133,1493,31.483957,1496,18.042610,1502,,0,9.720373,1502,,0
GTM,"Guatemala",2014,2014,1506,62.853107,1416,53.203343,1436,27.346388,1481,24.916500,1497,22.298692,1453,63.143813,1495,40.404040,1485,13.857428,1501,,0,5.463025,1501,,0
GTM,"Guatemala",2016,2017,1546,48.443843,1478,41.523679,1457,34.724983,1509,34.251969,1524,30.898123,1492,58.664021,1512,48.740053,1508,16.796875,1536,65.675676,1480,13.246753,1540,,0
GTM,"Guatemala",2018,2019,1596,48.884514,1524,41.043240,1457,31.647211,1542,30.955414,1570,28.721311,1525,46.332046,1554,52.473958,1536,12.939698,1592,73.324573,761,13.215859,1589,,0
GTM,"Guatemala",2021,2021,3000,51.943709,2836,37.577767,1364,31.804509,1410,,0,,0,55.091718,2881,43.831125,1486,16.212960,1509,68.051759,1423,,0,33.377443,2936
GTM,"Guatemala",2023,2023,1556,47.568988,1522,38.358008,1486,27.343750,1536,33.009079,1542,23.915900,1522,52.046784,1539,41.272966,1524,12.717883,1549,75.941837,1513,16.731266,1548,40.711974,1545
SLV,"El Salvador",2004,2004,1589,67.802271,1497,61.408083,1534,,0,63.816209,1567,48.346561,1512,63.971539,1546,42.368588,1579,5.545054,1587,,0,23.139975,1586,,0
SLV,"El Salvador",2006,2006,1729,57.682927,1640,46.607143,1680,,0,46.740396,1718,42.560759,1687,63.329384,1688,47.133758,1727,6.593407,1729,,0,24.522846,1729,,0
SLV,"El Salvador",2008,2008,1549,66.313700,1511,42.819499,1518,,0,41.085271,1548,31.582403,1523,68.770332,1537,38.755671,1543,7.617818,1549,,0,26.662363,1549,,0
SLV,"El Salvador",2010,2010,1550,60.627861,1529,64.318330,1533,,0,40.245478,1548,43.937419,1534,63.630449,1537,50.096837,1549,6.003873,1549,,0,23.738680,1546,,0
SLV,"El Salvador",2012,2012,1497,63.364894,1373,55.827338,695,50.245959,1423,48.676171,1473,43.406985,1403,61.390227,1453,42.528736,1479,5.622490,1494,,0,22.139973,1486,,0
SLV,"El Salvador",2014,2014,1512,62.938005,1484,59.400000,1500,48.871182,1506,42.885506,1511,39.371658,1496,65.514950,1505,45.695364,1510,5.364238,1510,,0,20.490716,1508,,0
SLV,"El Salvador",2016,2016,1551,54.617414,1516,40.825688,1526,37.850163,1535,50.097213,1543,33.377049,1525,58.739441,1539,37.111399,1544,4.838710,1550,55.428186,1483,26.084142,1545,,0
SLV,"El Salvador",2018,2018,1511,58.566553,1465,36.598639,1470,38.312123,1493,44.370420,1501,31.894808,1483,57.554945,1456,45.522898,1463,6.370272,1507,64.166667,720,23.470745,1504,,0
SLV,"El Salvador",2021,2021,3245,72.514052,3168,77.600997,1538,65.533610,1537,56.930711,810,,0,53.202233,3131,39.942334,1623,5.092646,1668,58.307233,1566,,0,30.239952,3212
SLV,"El Salvador",2023,2023,1516,67.198935,1503,77.318212,1499,62.916112,1502,68.940397,1510,56.990679,1502,63.084112,1498,15.722851,1501,2.112211,1515,32.367150,1449,29.900990,1515,45.388188,1507
HND,"Honduras",2004,2004,1500,64.205817,1341,63.733906,1398,,0,51.916376,1435,38.522238,1394,60.343643,1455,36.632997,1485,5.294906,1492,,0,17.012726,1493,,0
HND,"Honduras",2006,2006,1585,63.175450,1499,54.035568,1462,,0,40.559441,1573,30.953926,1541,70.408163,1568,35.088832,1576,10.991788,1583,,0,20.126183,1585,,0
HND,"Honduras",2008,2008,1522,45.512367,1415,37.375887,1410,,0,30.093834,1492,23.010753,1395,53.139458,1513,38.088918,1507,8.052805,1515,,0,20.237310,1517,,0
HND,"Honduras",2010,2010,1596,53.538663,1526,65.553373,1527,,0,47.398477,1576,49.038462,1560,65.154379,1587,26.352201,1590,9.779180,1585,,0,14.814815,1593,,0
HND,"Honduras",2012,2012,1728,41.096574,1567,52.590996,794,20.396927,1680,18.638300,1702,21.909132,1650,72.222138,1688,23.229182,1709,15.976010,1713,,0,13.342727,1718,,0
HND,"Honduras",2014,2014,1561,62.781457,1510,46.274510,1530,35.525467,1551,38.842444,1555,37.378326,1541,67.616580,1544,33.569132,1555,15.438821,1561,,0,21.630295,1558,,0
HND,"Honduras",2016,2016,1560,51.091405,1466,38.414634,1476,34.205363,1529,41.488673,1545,35.846561,1512,63.452769,1535,42.736706,1542,13.021167,1559,58.876560,1442,25.160462,1558,,0
HND,"Honduras",2018,2018,1560,45.010047,1493,35.874745,1469,21.699346,1530,33.806452,1550,25.701239,1533,54.969574,1479,37.711578,1477,10.989717,1556,68.888889,720,21.488133,1559,,0
HND,"Honduras",2021,2021,2999,48.768404,2886,30.206964,1446,22.741912,1455,,0,,0,51.768047,2855,41.703101,1444,14.218931,1482,68.373674,1384,34.326214,1496,28.236056,2976
HND,"Honduras",2023,2023,1602,48.510920,1511,36.484687,1502,28.255208,1536,34.403081,1558,27.057275,1519,55.902999,1567,29.768041,1552,11.694809,1599,65.883143,1489,28.258145,1596,43.636364,1595
NIC,"Nicaragua",2004,2004,1430,69.170579,1278,54.404946,1294,,0,50.180245,1387,29.938744,1306,55.776306,1359,43.425729,1407,3.711485,1428,,0,15.238764,1424,,0
NIC,"Nicaragua",2006,2006,1759,56.914567,1627,42.977697,1659,,0,46.980256,1722,28.393598,1687,62.174667,1729,37.993039,1724,7.346241,1756,,0,10.574190,1759,,0
NIC,"Nicaragua",2008,2008,1539,68.393782,1351,41.881533,1435,,0,47.364910,1499,26.925746,1441,59.497022,1511,28.907783,1529,8.859935,1535,,0,21.990891,1537,,0
NIC,"Nicaragua",2010,2010,1540,66.598080,1458,48.581081,1480,,0,47.565789,1520,28.873720,1465,63.036304,1515,37.157757,1534,7.557003,1535,,0,20.584416,1540,,0
NIC,"Nicaragua",2012,2012,1686,70.967755,1632,62.978804,1644,50.834878,1678,56.010987,1685,43.911559,1663,65.390322,1662,29.038598,1681,5.400598,1685,,0,14.485835,1685,,0
NIC,"Nicaragua",2014,2014,1546,66.375252,1487,60.616209,1493,46.093750,1536,53.337654,1543,41.312997,1508,66.644951,1535,39.183938,1544,8.613990,1544,,0,15.803109,1544,,0
NIC,"Nicaragua",2016,2016,1560,57.965194,1494,61.564171,1496,51.451187,1516,52.975420,1546,52.481800,1511,60.943644,1526,25.712435,1544,12.064516,1550,45.389564,1399,18.380463,1556,,0
NIC,"Nicaragua",2018,2019,1547,51.537433,1496,46.363018,1471,43.680419,1527,39.502943,1529,37.524950,1503,50.959629,1511,41.513158,1520,10.621762,1544,53.420670,687,16.817594,1546,,0
NIC,"Nicaragua",2021,2021,2997,62.694836,2955,41.222899,1456,41.490749,1477,,0,,0,51.014854,2950,55.032980,1487,18.633604,1496,68.026339,1419,,0,39.115219,2996
NIC,"Nicaragua",2023,2023,3004,57.058423,2869,36.049692,1355,31.251927,1367,30.783335,1391,29.179903,1361,42.545326,2945,52.715524,1554,21.734572,1577,,0,26.622515,1578,38.119377,2992
CRI,"Costa Rica",2004,2004,1500,81.420765,1464,75.320297,1483,,0,55.697051,1492,49.862637,1456,77.028886,1454,37.993311,1495,3.471295,1498,,0,5.481283,1496,,0
CRI,"Costa Rica",2006,2006,1497,77.489768,1466,58.430034,1465,,0,32.797858,1494,42.372881,1475,72.684246,1479,48.294314,1495,8.756684,1496,,0,3.473614,1497,,0
CRI,"Costa Rica",2008,2008,1499,76.960784,1428,78.502747,1456,,0,38.117806,1477,37.972028,1430,74.897401,1462,26.964770,1476,8.417508,1485,,0,5.270270,1480,,0
CRI,"Costa Rica",2010,2010,1500,78.131488,1445,70.604396,1456,,0,37.753721,1478,43.589744,1443,77.042539,1481,24.849699,1497,5.387205,1485,,0,4.222520,1492,,0
CRI,"Costa Rica",2012,2012,1498,74.448399,1405,67.759563,732,46.603261,1472,34.817814,1482,26.402189,1462,74.847458,1475,29.724277,1487,4.949833,1495,,0,1.480485,1486,,0
CRI,"Costa Rica",2014,2014,1537,70.462157,1493,73.442623,1525,52.299606,1522,37.116765,1533,27.344782,1514,71.362434,1512,48.592010,1527,5.283757,1533,,0,,0,,0
CRI,"Costa Rica",2023,2023,1527,72.085276,1501,61.445783,1494,59.498681,1516,49.638871,1523,43.787375,1505,65.649867,1508,39.525692,1518,5.384110,1523,53.400673,1485,,0,62.849534,1502
PAN,"Panamá",2004,2004,1639,71.902378,1598,51.782364,1599,,0,57.011070,1626,28.391960,1592,50.250941,1594,44.595429,1619,6.928265,1631,,0,5.958231,1628,,0
PAN,"Panamá",2006,2006,1536,38.847957,1493,46.494214,1469,,0,39.262187,1518,36.473088,1412,48.482850,1516,35.620053,1516,6.540222,1529,,0,2.083333,1536,,0
PAN,"Panamá",2008,2008,1536,67.378252,1499,57.200268,1493,,0,39.257294,1508,23.394185,1479,64.356436,1515,27.057275,1519,4.117647,1530,,0,3.479974,1523,,0
PAN,"Panamá",2010,2010,1536,72.909699,1495,79.269103,1505,,0,51.994768,1529,35.438830,1504,69.342105,1520,26.827676,1532,4.302477,1534,,0,4.569191,1532,,0
PAN,"Panamá",2012,2012,1620,71.520909,1478,66.929302,773,38.812614,1581,57.642706,1599,24.427067,1584,79.639564,1602,19.273616,1606,3.463779,1609,,0,2.093395,1603,,0
PAN,"Panamá",2014,2014,1508,48.565574,1464,64.194201,1483,42.389853,1498,44.910180,1503,27.949062,1492,71.190951,1503,33.089214,1502,11.253369,1484,,0,4.729730,1480,,0
PAN,"Panamá",2023,2023,1532,62.194316,1513,26.329787,1504,38.739330,1523,53.407602,1526,18.795500,1511,54.388298,1504,42.022324,1523,9.346405,1530,73.921699,1507,,0,46.304774,1529
COL,"Colombia",2004,2004,1479,73.823110,1402,57.697740,1416,,0,55.986159,1445,37.197724,1406,69.209622,1455,37.966102,1475,3.846154,1456,,0,5.252387,1466,,0
COL,"Colombia",2006,2006,1491,71.000000,1400,58.963283,1389,,0,51.811347,1463,38.543897,1401,66.643789,1457,37.264151,1484,4.496644,1490,,0,3.299663,1485,,0
COL,"Colombia",2008,2008,1503,72.650771,1426,56.595745,1410,,0,54.146999,1483,42.120141,1415,68.310811,1480,34.473508,1491,5.189621,1503,,0,5.551748,1459,,0
COL,"Colombia",2010,2010,1506,71.985816,1410,58.447160,1391,,0,50.703282,1493,40.043134,1391,71.185286,1468,34.066667,1500,6.781915,1504,,0,4.860186,1502,,0
COL,"Colombia",2012,2012,1512,67.414156,1427,55.377907,688,37.125341,1468,46.488294,1495,36.253561,1404,69.115646,1470,32.536521,1506,9.476474,1509,,0,2.915838,1509,,0
COL,"Colombia",2014,2014,1496,69.052632,1425,35.893855,1432,21.530129,1477,40.094023,1489,25.121443,1441,70.156356,1471,43.277592,1495,7.424749,1495,,0,3.415941,1493,,0
COL,"Colombia",2018,2018,1663,59.789994,1619,28.748451,1614,31.992687,1641,42.321644,1654,23.930564,1613,64.504284,1634,51.757576,1650,9.512342,1661,75.794621,818,,0,,0
COL,"Colombia",2021,2021,2993,52.995663,2943,26.034053,1416,22.269577,1436,33.916733,823,,0,56.659264,2941,55.954538,1525,11.322844,1537,78.238400,1490,,0,45.696542,2977
COL,"Colombia",2023,2023,1503,51.336532,1459,30.090341,1439,20.878378,1480,36.662198,1492,23.966942,1452,59.221999,1491,56.166220,1492,8.848969,1503,73.957621,1463,3.464357,1501,48.301133,1501
ECU,"Ecuador",2004,2004,3000,61.477151,2826,30.690045,2887,61.194150,2977,37.325612,2964,13.040482,2930,59.776562,2939,38.847169,2963,9.684058,2973,,0,,0,,0
ECU,"Ecuador",2006,2006,2925,64.136486,2787,25.021539,2824,,0,33.174209,2899,7.078156,2882,54.767673,2887,47.981349,2911,11.659831,2898,,0,9.663300,2925,,0
ECU,"Ecuador",2008,2008,3000,63.470220,2901,56.513414,2919,,0,24.690332,2974,10.266123,2941,55.674135,2961,42.268107,2982,12.237295,2976,,0,10.063293,2976,,0
ECU,"Ecuador",2010,2010,2999,65.635297,2820,54.618458,2812,,0,39.047105,2978,29.632710,2900,57.000259,2956,42.939657,2981,9.501320,2987,,0,9.514839,2988,,0
ECU,"Ecuador",2012,2012,1500,61.549498,1394,64.723032,686,44.330601,1464,48.759222,1491,34.240980,1469,66.576637,1481,38.130464,1487,15.254237,1475,,0,9.475806,1488,,0
ECU,"Ecuador",2016,2016,1545,52.960745,1503,52.059419,1481,49.343832,1524,57.235984,1534,42.591362,1505,55.231788,1510,47.619048,1533,10.369410,1543,56.139154,1466,5.382620,1542,,0
ECU,"Ecuador",2021,2021,3005,63.176799,2976,56.023979,1476,41.172851,1518,,0,32.450990,1423,46.901757,2891,52.686257,1407,12.783548,1461,64.146717,1401,,0,59.664074,2984
ECU,"Ecuador",2023,2023,1604,50.774313,1567,26.435735,1548,26.332774,1583,34.804537,1598,21.542395,1576,45.754164,1532,63.640498,1527,15.806760,1600,76.283680,1572,,0,70.209976,1562
BOL,"Bolivia",2004,2004,3072,61.500710,2994,48.687569,2974,,0,17.486952,3050,21.322995,2959,44.293604,3020,48.340861,3046,21.423580,3060,,0,,0,,0
BOL,"Bolivia",2006,2006,3008,66.481330,2800,60.447273,2837,,0,22.122343,2947,32.039876,2786,45.785213,2928,51.078222,2968,20.478997,2953,,0,,0,,0
BOL,"Bolivia",2008,2008,3003,73.233931,2821,50.445192,2836,,0,25.407678,2934,33.667932,2757,55.052235,2947,48.927405,2985,27.917528,2246,,0,12.334418,2987,,0
PER,"Perú",2006,2006,1500,53.375527,1422,36.830986,1420,,0,27.278820,1492,17.488184,1481,37.584803,1474,67.090301,1495,18.800000,1500,,0,5.488621,1494,,0
PER,"Perú",2008,2008,1500,62.508663,1443,35.212248,1437,,0,23.596257,1496,18.365969,1481,43.922095,1489,54.581940,1495,21.959184,1225,,0,7.775524,1479,,0
PER,"Perú",2010,2010,1500,51.841557,1439,39.070090,1441,,0,26.185705,1497,15.821501,1479,42.924212,1491,57.870060,1493,19.425901,1498,,0,6.555184,1495,,0
PER,"Perú",2012,2012,1500,59.685147,1461,51.773050,705,45.712357,1481,22.630174,1498,14.400536,1493,50.271003,1476,50.000000,1484,16.366065,1497,,0,3.604806,1498,,0
PER,"Perú",2014,2014,1500,58.647141,1434,37.849162,1432,35.920960,1417,24.748491,1491,13.504389,1481,54.805726,1467,60.133779,1495,16.454849,1495,,0,3.748327,1494,,0
PER,"Perú",2016,2017,2647,52.734658,2596,30.706935,2569,40.990500,2627,27.571219,2630,16.063559,2607,46.963519,2610,58.017182,2625,18.796370,2637,77.018935,2597,,0,,0
PER,"Perú",2018,2019,1521,49.264706,1496,27.967807,1491,33.245208,1513,30.982202,1517,8.844884,1515,42.203052,1507,61.876248,1503,15.678524,1518,84.727756,753,,0,,0
PER,"Perú",2021,2021,3038,49.923885,3022,20.675067,1476,33.140145,1496,33.881749,730,11.567618,758,42.940878,2931,58.717426,1455,17.414884,1533,88.377988,1517,,0,42.375234,3024
PER,"Perú",2023,2023,1535,50.821828,1521,19.207921,1515,22.390020,1523,29.281046,1530,7.485227,1523,45.430638,1521,58.070866,1524,21.707953,1534,86.754098,1525,,0,47.588005,1534
PRY,"Paraguay",2006,2006,1165,,0,20.442478,1130,,0,25.108601,1151,18.541854,1111,73.670445,1147,36.309013,1165,11.575283,1149,,0,12.315698,1153,,0
PRY,"Paraguay",2008,2008,1166,60.622711,1092,20.034843,1148,,0,18.119068,1159,14.335972,1137,75.129534,1158,38.091144,1163,11.492281,1166,,0,13.608958,1161,,0
PRY,"Paraguay",2010,2010,1501,57.891012,1413,52.540014,1437,,0,27.371274,1476,21.640736,1414,67.825494,1467,36.991870,1476,13.159653,1497,,0,13.226453,1497,,0
PRY,"Paraguay",2012,2012,1510,66.899441,1432,46.567968,743,42.583732,1463,31.790744,1491,28.098592,1420,72.960216,1483,24.516989,1501,13.554817,1505,,0,10.445775,1503,,0
PRY,"Paraguay",2014,2014,1503,59.226842,1371,46.764092,1437,40.769231,1430,31.593039,1494,25.542337,1429,79.527027,1480,32.303559,1489,18.493611,1487,,0,7.171582,1492,,0
PRY,"Paraguay",2016,2016,1528,48.618785,1448,32.774284,1431,31.575389,1479,25.982678,1501,25.943720,1457,69.035890,1421,49.414348,1366,20.986842,1520,68.311327,1439,6.776316,1520,,0
PRY,"Paraguay",2018,2019,1515,51.217862,1478,42.596349,1479,35.341365,1494,28.732581,1507,29.289544,1492,64.907471,1459,45.441893,1437,15.405046,1506,64.527027,1480,6.490066,1510,,0
PRY,"Paraguay",2021,2021,3004,49.975909,2930,34.387974,1468,29.205896,1489,,0,,0,54.506390,2735,51.396020,1377,18.071409,1470,75.194232,1400,,0,33.303131,2976
PRY,"Paraguay",2023,2023,1524,50.977748,1483,33.924915,1465,30.201342,1490,29.141717,1503,25.459496,1469,65.802383,1427,46.935933,1436,16.250000,1520,75.609756,1476,,0,42.001317,1519
CHL,"Chile",2006,2006,1517,76.138681,1471,59.289617,1464,,0,68.100596,1511,43.935310,1484,63.393454,1497,45.604759,1513,2.311757,1514,,0,0.857520,1516,,0
CHL,"Chile",2008,2008,1527,68.351801,1444,49.723375,1446,,0,68.874172,1510,41.136671,1478,60.666667,1500,49.343832,1524,1.702685,1527,,0,1.357773,1473,,0
URY,"Uruguay",2006,2007,1200,83.619211,1166,80.069025,1159,,0,44.982993,1176,58.032491,1108,71.928328,1172,45.172124,1191,2.255639,1197,,0,1.844091,1193,,0
URY,"Uruguay",2008,2008,1500,87.448840,1466,76.986301,1460,,0,49.228706,1491,47.432240,1402,71.614227,1462,42.723005,1491,3.535690,1499,,0,3.583502,1479,,0
URY,"Uruguay",2010,2010,1500,87.232574,1449,89.438050,1477,,0,49.494949,1485,66.066282,1388,74.740484,1445,34.025452,1493,3.882195,1494,,0,3.333333,1500,,0
URY,"Uruguay",2012,2012,1512,87.773224,1464,78.896552,725,79.172320,1474,43.649733,1496,47.259786,1405,78.537252,1463,32.405567,1509,3.571429,1512,,0,2.122016,1508,,0
URY,"Uruguay",2014,2014,1512,86.244100,1483,76.839973,1481,76.478495,1488,46.870839,1502,44.475524,1430,77.972973,1480,41.511936,1508,3.110523,1511,,0,1.853077,1511,,0
BRA,"Brasil",2006,2007,1214,72.686433,1113,41.517857,1120,,0,57.820300,1202,29.501268,1183,,0,,0,4.781879,1192,,0,,0,,0
BRA,"Brasil",2008,2008,1497,67.084871,1355,60.903874,1394,,0,34.744027,1465,23.597961,1373,53.877831,1457,33.175355,1477,3.054990,1473,,0,0.675219,1481,,0
BRA,"Brasil",2010,2010,2482,73.594129,2295,65.708447,2359,,0,48.221886,2438,33.732135,2381,56.376932,2401,31.359340,2471,5.859480,2430,,0,0.621367,2473,,0
BRA,"Brasil",2012,2012,1499,67.623253,1432,65.937129,716,39.775705,1483,43.086963,1486,28.956604,1479,64.794912,1468,27.514135,1498,4.127040,1496,,0,0.890973,1490,,0
BRA,"Brasil",2014,2014,1500,61.187389,1459,39.987817,1448,24.536359,1491,38.156529,1496,20.885149,1481,51.781050,1476,42.822848,1497,4.518428,1499,,0,0.285238,1498,,0
VEN,"",2006,2007,1510,78.484438,1478,58.533242,1459,,0,19.946452,1494,43.547274,1449,56.583390,1481,44.940080,1502,12.358804,1505,,0,1.788079,1510,,0
VEN,"",2008,2008,1500,85.606580,1459,66.365532,1439,,0,23.994354,1417,33.619456,1398,66.958277,1486,41.610738,1490,5.142857,1400,,0,1.555105,1479,,0
ARG,"Argentina",2008,2008,1486,90.114613,1396,53.702372,1391,,0,18.269231,1456,22.982709,1388,63.769124,1438,61.538462,1469,15.567641,1471,,0,2.947224,1459,,0
DOM,"República Dominicana",2004,2004,4460,,0,19.409585,4219,,0,24.360272,4416,18.443177,4326,68.421727,4358,,0,8.997168,4456,,0,,0,,0
DOM,"República Dominicana",2006,2006,1516,81.609195,1392,61.731844,1432,,0,29.933333,1500,48.762036,1454,67.143831,1467,50.330688,1512,10.700132,1514,,0,17.857143,1484,,0
DOM,"República Dominicana",2008,2008,1507,75.929978,1371,63.087719,1425,,0,38.351499,1468,49.200581,1376,67.080745,1449,32.955304,1499,8.903654,1505,,0,19.243530,1507,,0
DOM,"República Dominicana",2010,2010,1498,66.881720,1395,54.647887,1420,,0,29.769959,1478,44.055944,1430,63.249651,1434,43.712172,1487,10.836120,1495,,0,22.505023,1493,,0
DOM,"República Dominicana",2012,2012,1512,68.663912,1452,52.433936,719,46.257586,1483,23.927614,1492,36.394791,1459,68.910479,1441,38.619774,1507,14.569536,1510,,0,23.357664,1507,,0
DOM,"República Dominicana",2014,2014,1520,71.747967,1476,46.971736,1486,34.926959,1506,26.038233,1517,33.489933,1490,65.369128,1490,55.994730,1518,16.184211,1520,,0,23.517787,1518,,0
DOM,"República Dominicana",2016,2016,1518,61.991870,1476,37.776243,1448,34.791386,1486,25.832224,1502,37.115516,1463,56.123163,1429,61.199173,1451,17.471873,1511,64.518414,1412,22.634017,1511,,0
DOM,"República Dominicana",2018,2019,1516,59.226594,1474,43.130554,1463,29.082321,1482,30.278884,1506,31.843191,1454,57.832988,1449,62.701613,1488,15.684977,1511,68.658892,686,23.362012,1511,,0
DOM,"República Dominicana",2021,2021,3000,61.514819,2919,52.206963,1419,38.795639,1453,25.965733,713,,0,54.715392,2849,47.687594,1482,15.270721,1519,59.448428,1406,,0,37.133700,2968
DOM,"República Dominicana",2023,2023,1596,63.798598,1569,49.204328,1571,39.987326,1578,24.636766,1583,38.377334,1553,58.698454,1552,47.746032,1575,18.769617,1593,62.475697,1543,21.177945,1596,44.542033,1594
HTI,"Haití",2006,2006,1625,67.735471,1497,38.167436,1517,,0,43.420216,1573,37.555982,1563,35.393258,1602,56.321113,1582,10.192666,1609,,0,28.618638,1513,,0
HTI,"Haití",2008,2008,1536,67.134269,1497,34.287662,1467,,0,51.640420,1524,22.014676,1499,38.926174,1490,44.327177,1516,8.672087,1476,,0,49.196787,1494,,0
HTI,"Haití",2010,2010,1752,64.284735,1721,35.192500,1725,,0,52.948492,1747,14.421881,1742,22.035274,1715,27.904166,1716,8.750190,1724,,0,54.290746,1728,,0
HTI,"Haití",2012,2012,1836,75.143059,1807,43.255912,883,18.534271,1805,60.822660,1822,19.744388,1801,32.707431,1812,40.032282,1800,11.128974,1793,,0,66.653015,1813,,0
HTI,"Haití",2014,2014,1512,57.008719,1491,41.163946,1409,14.829659,1497,55.179283,1506,31.016043,1496,48.692153,1491,40.096286,1454,7.258065,1488,,0,49.365397,1497,,0
HTI,"Haití",2016,2017,2221,50.019344,1998,24.334633,1977,18.538893,2056,41.598098,2110,15.987622,1997,37.638629,2138,54.807223,2130,6.822418,2192,54.439876,1556,48.094531,2169,,0
HTI,"Haití",2021,2021,3088,45.504243,2149,10.617516,1276,26.767971,1144,,0,,0,54.042049,2370,65.701535,1081,4.296567,1492,54.025948,875,,0,11.778815,2930
HTI,"Haití",2023,2023,1611,51.542951,1484,12.107455,781,24.016909,712,53.554743,778,,0,52.194102,772,55.779684,1461,2.407693,771,52.673184,572,42.364712,1560,12.747623,1587
JAM,"Jamaica",2006,2006,1595,78.798109,1481,57.995882,1457,,0,34.012739,1570,29.265092,1524,71.228304,1498,26.560510,1570,7.055805,1559,,0,29.216301,1595,,0
JAM,"Jamaica",2008,2008,1499,75.070621,1416,50.385424,1427,,0,29.657534,1460,36.926287,1438,73.852573,1438,21.380244,1478,5.854643,1486,,0,40.393754,1473,,0
JAM,"Jamaica",2010,2010,1504,70.077085,1427,44.008409,1427,,0,20.472973,1480,26.527778,1440,68.061367,1434,22.541806,1495,5.196536,1501,,0,35.975190,1451,,0
JAM,"Jamaica",2012,2012,1500,74.164963,1467,59.473684,760,43.584521,1473,41.263441,1488,36.282579,1458,75.330090,1439,13.913043,1495,4.405874,1498,,0,42.995169,1449,,0
JAM,"Jamaica",2014,2014,1503,58.092486,1384,41.891892,1406,24.456522,1472,26.832549,1487,17.586912,1467,68.485284,1393,17.146685,1493,5.662891,1501,,0,46.339779,1448,,0
JAM,"Jamaica",2016,2017,1515,55.825959,1356,36.942209,1367,31.793478,1472,34.141414,1485,27.679783,1474,62.792346,1411,26.466667,1500,5.116279,1505,53.948339,1355,38.681169,1471,,0
JAM,"Jamaica",2018,2019,1513,51.188707,1346,32.203390,1357,30.626290,1453,30.155510,1479,25.951557,1445,69.456681,1362,23.564753,1498,6.070714,1499,61.692970,697,33.087248,1490,,0
JAM,"Jamaica",2021,2021,3121,56.994460,2794,44.748218,1450,35.406992,1485,33.226844,1515,,0,62.538145,2528,17.647711,1449,4.983918,1530,55.154062,1274,,0,64.173522,3068
JAM,"Jamaica",2023,2023,1521,52.535211,1420,28.418803,1404,27.611940,1474,24.664879,1492,21.321526,1468,66.786227,1394,23.434343,1485,7.218543,1510,66.039052,1434,,0,69.266667,1500
GUY,"",2006,2006,1555,72.133637,1317,45.610119,1344,,0,42.782152,1524,51.201602,1498,70.497312,1488,31.939909,1531,11.821705,1548,,0,26.476314,1541,,0
GUY,"",2008,2009,2514,67.198240,2239,50.707038,2304,,0,40.993018,2471,47.109292,2375,72.316201,2443,26.785251,2506,17.598102,2495,,0,37.706000,2458,,0
GUY,"",2010,2010,1540,71.295634,1397,41.582734,1390,,0,32.692308,1508,40.644277,1459,74.360700,1486,22.396857,1527,11.937378,1533,,0,36.539746,1497,,0
GUY,"",2012,2012,1529,73.916134,1407,45.679012,729,41.089442,1487,34.147952,1514,54.609929,1410,81.194840,1473,23.753281,1524,13.320210,1524,,0,32.013423,1490,,0
GUY,"",2014,2014,1557,65.811373,1442,34.770889,1484,32.694848,1514,25.549806,1546,35.647530,1498,77.278732,1514,29.529336,1551,11.958630,1547,,0,26.917989,1512,,0
GUY,"",2021,2021,3011,65.839425,1399,55.252999,1401,39.198284,1371,,0,,0,70.621421,2617,28.033431,1411,12.801278,1452,41.563422,1244,,0,63.672224,2991
TTO,"Trinidad y Tobago",2014,2014,4203,73.399052,3901,60.673783,3966,,0,30.141703,4158,25.968869,4112,87.280666,4090,11.813034,4156,3.802027,4188,,0,7.484225,4067,,0
TTO,"Trinidad y Tobago",2023,2023,1660,56.859371,1578,25.119032,1601,29.915452,1627,25.289198,1648,20.417898,1622,77.793702,1596,26.986060,1646,3.047465,1647,62.642634,1572,,0,85.453057,1652
BLZ,"Belice",2008,2008,1552,68.854962,1310,60.801144,1398,,0,50.103377,1451,56.682770,1242,57.075472,1484,26.196809,1504,11.799604,1517,,0,10.481771,1536,,0
BLZ,"Belice",2010,2010,1504,68.439468,1429,52.380952,1470,,0,30.174731,1488,44.491525,1416,48.571429,1470,44.511379,1494,10.140093,1499,,0,9.115282,1492,,0
BLZ,"Belice",2012,2012,1512,71.428571,1470,66.442953,745,51.580363,1487,44.481383,1504,60.773481,1448,64.886515,1498,30.886243,1512,7.636122,1506,,0,6.697613,1508,,0
BLZ,"Belice",2014,2014,1533,62.968005,1469,51.172137,1493,33.509235,1516,28.524590,1525,35.628342,1496,68.494055,1514,34.229508,1525,13.892529,1526,,0,7.631579,1520,,0
BLZ,"Belice",2023,2023,1550,57.181389,1483,41.941876,1514,42.160738,1518,38.964401,1545,48.135819,1502,70.770244,1519,26.055880,1539,11.513583,1546,63.852961,1469,10.233161,1544,74.141283,1543
SUR,"Surinam",2014,2014,4000,63.299846,3781,71.039406,3830,,0,66.281678,3957,46.949486,3915,81.417132,3779,36.314526,3910,2.855887,3989,,0,11.868389,3930,,0
SUR,"Surinam",2023,2023,1539,47.925033,1494,13.421053,1520,30.289093,1522,35.662965,1531,19.056974,1527,79.624478,1438,44.555113,1506,5.951602,1529,63.937754,1478,,0,53.916449,1532
BHS,"Bahamas",2014,2014,3429,66.165897,3315,77.011633,3317,,0,59.360790,3379,50.352789,3297,79.100885,3282,15.558703,3401,10.797133,3370,,0,3.909830,3306,,0
BHS,"Bahamas",2023,2023,1577,64.917888,1545,47.030548,1527,42.261987,1559,31.957479,1567,32.888363,1555,87.023162,1485,13.157767,1565,6.063752,1567,43.263204,1501,,0,80.735165,1561
GRD,"Grenada",2023,2023,1553,58.670322,1459,54.657534,1460,52.913597,1493,42.032787,1525,46.978955,1473,66.598220,1461,15.025907,1544,3.430421,1545,33.678756,1351,,0,78.314827,1531
USA,"Estados Unidos",2006,2006,609,94.156928,599,79.270315,603,,0,,0,47.000000,600,93.949580,595,6.919275,607,,0,,0,,0,,0
USA,"Estados Unidos",2008,2008,1500,79.133163,1499,68.055937,1500,,0,56.920775,1500,22.993886,1500,85.601422,1498,10.749942,1500,0.000000,1500,,0,,0,,0
USA,"Estados Unidos",2010,2010,1500,78.208751,1500,56.474438,1498,,0,55.138887,1500,20.003302,1500,83.014103,1497,8.656427,755,2.032625,1500,,0,,0,,0
CAN,"Canadá",2006,2006,601,93.220339,590,89.579832,595,,0,,0,62.016807,595,95.911414,587,5.490849,601,,0,,0,,0,,0
CAN,"Canadá",2008,2008,2032,88.900562,2009,83.547363,2009,,0,,0,55.644486,2015,91.934811,2000,10.605917,2029,,0,,0,,0,,0
CAN,"Canadá",2010,2010,1499,74.699440,1499,70.557172,1498,,0,62.046977,1499,36.981301,1499,86.129307,1499,9.062660,742,1.264381,1499,,0,,0,,0
