iso3,name,year,respondents,support_democracy,support_democracy_n,satisfied_democracy,satisfied_democracy_n,trust_elections,trust_elections_n,trust_police,trust_police_n,trust_congress,trust_congress_n,trust_people,trust_people_n,feel_unsafe,feel_unsafe_n,police_bribe,police_bribe_n,politicians_corrupt,politicians_corrupt_n,remittances,remittances_n,home_broadband,home_broadband_n
MEX,"México",2025,1020,62.685094,1013,49.950249,1005,44.051131,1017,27.701375,1018,45.857988,1014,57.128713,1010,44.685039,1016,23.137255,1020,57.591093,988,8.930324,1019,61.591356,1018
GTM,"Guatemala",2026,1058,58.021134,1041,41.666667,1020,32.664756,1047,38.709677,1054,25.216554,1039,58.110687,1048,39.864865,1036,17.473884,1053,62.820513,1014,18.898386,1053,41.990521,1055
SLV,"El Salvador",2026,1030,73.508595,989,80.182927,984,69.138277,998,70.907298,1014,55.116515,987,62.487660,1013,9.099804,1022,1.945525,1028,22.453704,864,24.295432,1029,54.785156,1024
HND,"Honduras",2026,1053,55.896453,1043,43.545279,1038,27.576336,1048,36.164122,1048,34.034417,1046,53.890490,1041,35.119617,1045,13.130352,1051,52.905812,998,26.495726,1053,47.428571,1050
NIC,"Nicaragua",2026,1039,65.726157,966,72.474883,817,56.875293,976,60.748064,1021,55.504634,965,54.492262,1008,30.389880,1007,8.475779,1033,29.378390,791,21.626625,1032,33.611208,1030
CRI,"Costa Rica",2025,1008,74.569402,987,59.434914,991,51.603206,998,56.417910,1005,28.254289,991,69.191919,990,34.900000,1000,5.461768,1007,44.339623,954,4.495504,1001,76.589304,991
PAN,"Panamá",2026,1051,65.028902,1038,32.242541,1039,38.947368,1045,47.468959,1047,21.668265,1043,56.412729,1037,35.816619,1047,10.000000,1050,52.752753,999,3.714286,1050,51.189343,1051
COL,"Colombia",2025,1007,63.279678,994,36.326942,991,31.175299,1004,41.475573,1003,25.981873,993,66.700303,991,40.859141,1001,8.242304,1007,68.200837,956,4.174950,1006,46.069652,1005
ECU,"Ecuador",2026,1028,51.241311,1007,31.600000,1000,30.566406,1024,33.885102,1027,19.882468,1021,46.666667,1020,63.235294,1020,17.916261,1027,67.507568,991,7.324219,1024,72.140762,1023
BOL,"Bolivia",2026,1015,55.677291,1004,36.044177,996,34.584980,1012,15.467980,1015,29.861111,1008,43.668993,1003,45.445545,1010,24.086871,1013,67.234469,998,6.916996,1012,59.663033,1009
PER,"Perú",2025,1048,49.567723,1041,17.760618,1036,17.449664,1043,17.191977,1047,7.088123,1044,41.114313,1041,60.305344,1048,20.610687,1048,81.250000,1040,2.969349,1044,43.553009,1047
PRY,"Paraguay",2025,1036,59.823183,1018,37.339901,1015,26.023392,1026,35.471331,1029,21.203156,1014,69.064039,1015,45.088409,1018,18.067633,1035,64.328657,998,7.446809,1034,61.904762,1029
CHL,"Chile",2026,1012,76.666667,990,55.225410,976,59.421735,1003,70.594059,1010,25.884732,989,69.621514,1004,36.067194,1012,2.470356,1012,43.995859,966,2.683897,1006,71.896723,1007
URY,"Uruguay",2025,1028,86.037365,1017,81.176471,1020,77.485380,1026,57.448880,1027,46.948819,1016,74.827246,1013,34.897361,1023,2.531646,1027,28.309572,982,2.334630,1028,70.507812,1024
BRA,"Brasil",2026,1512,68.421053,1482,46.169492,1475,37.275748,1505,59.468439,1505,29.751511,1489,72.145805,1454,26.121902,1493,3.441430,1511,60.316369,1454,1.260783,1507,79.668874,1510
ARG,"Argentina",2026,1031,72.063179,1013,50.590551,1016,42.105263,1026,34.697856,1026,26.450344,1017,66.634051,1022,41.707081,1031,6.886518,1031,63.770977,1013,2.623907,1029,85.377821,1019
DOM,"República Dominicana",2026,1043,69.699903,1033,47.531462,1033,37.994214,1037,29.961464,1038,37.270087,1033,60.485437,1030,40.249760,1041,16.506718,1042,54.178958,1017,24.664107,1042,56.057692,1040
HTI,"Haití",2026,1013,52.731049,990,10.080336,998,38.991151,994,41.789283,990,,0,42.029730,1000,48.322716,985,6.190413,1002,55.040516,717,37.189440,1004,10.614612,1011
CUB,"Cuba",2026,1095,38.500189,1073,,0,,0,4.437632,1088,6.842511,1085,47.261655,1078,56.937347,1077,19.776875,1043,74.244785,1043,35.346687,1065,18.271001,1088
USA,"Estados Unidos",2025,1600,70.094452,1600,56.387129,1598,56.312850,1600,61.709277,1599,39.925547,1600,80.766436,1600,11.540850,1600,,0,45.889110,1600,,0,,0
CAN,"Canadá",2025,3550,74.394793,3549,69.556075,3548,65.049599,3548,66.630152,3549,53.265488,3546,83.016156,3550,13.847017,3550,,0,24.353798,3550,,0,,0
